tariff_id,rorn,rescom,tariff_reference,tariff_type,fit_type,supplier,state,notes,tariff_name,daily_fixed_rate,flat_rate,discount,demand_tariff,demand_type,demand_start,demand_end,demand_week,name_1,rate_1,start_1,end_1,week_1,name_2,rate_2,start_2,end_2,week_2,name_3,rate_3,start_3,end_3,week_3,name_4,rate_4,start_4,end_4,week_4,name_5,rate_5,start_5,end_5,week_5,name_6,rate_6,start_6,end_6,week_6,name_7,rate_7,start_7,end_7,week_7,name_8,rate_8,start_8,end_8,week_8,block_rate_1,high_1,block_rate_2,high_2,block_rate_3,fit_flat_rate,solar_cp_allocation,release_date,dlf,metering_sc_non_cap,metering_sc_cap
TIDNULL,retail,res,,Zero_Rate,Zero_Rate,MR,NSW,,,0,0,,,,,,,,,,,,,,,,,,,,,,,,,,,,,,,,,,,,,,,,,,,,,,,,,,,,,,,,,
EASO_Flat,retail,res,ENE390949SR,Flat_Rate,Flat_Rate,EnergyAustralia,NSW,ROLR - Standing Offer,Basic Home - Peak Only,130,40,,,,,,,,,,,,,,,,,,,,,,,,,,,,,,,,,,,,,,,,,,,,,,,,,,,,,,31/07/2017,,,
EASO_Flat_15pc,retail,res,ENE390949SR,Flat_Rate,Flat_Rate,EnergyAustralia,NSW,ROLR - Standing Offer,Basic Home - Peak Only,130,40,15,,,,,,,,,,,,,,,,,,,,,,,,,,,,,,,,,,,,,,,,,,,,,,,,,,,,,31/07/2017,,,
EASO_Flat_20pc,retail,res,ENE390949SR,Flat_Rate,Flat_Rate,EnergyAustralia,NSW,ROLR - Standing Offer,Basic Home - Peak Only,130,40,20,,,,,,,,,,,,,,,,,,,,,,,,,,,,,,,,,,,,,,,,,,,,,,,,,,,,,31/07/2017,,,
EASO_Flat_25pc,retail,res,ENE390949SR,Flat_Rate,Flat_Rate,EnergyAustralia,NSW,ROLR - Standing Offer,Basic Home - Peak Only,130,40,25,,,,,,,,,,,,,,,,,,,,,,,,,,,,,,,,,,,,,,,,,,,,,,,,,,,,,31/07/2017,,,
EASO_TOU,retail,res,ENE446991SR,TOU,Flat_Rate,EnergyAustralia,NSW,ROLR - Standing Offer,Basic Home - 5 day TOU,110,0,,,,,,,Peak,60,14:00,20:00,day,Shoulder_1,30,7:00,14:00,day,Shoulder_2,30,20:00,22:00,day,Shoulder_3,30,7:00,22:00,end,Off_Peak_1,20,22:00,7:00,both,,,,,,,,,,,,,,,,,,,,,,,31/07/2017,,,
EASO_TOU_15pc,retail,res,ENE446991SR,TOU,Flat_Rate,EnergyAustralia,NSW,ROLR - Standing Offer,Basic Home - 5 day TOU,110,0,15,,,,,,Peak,60,14:00,20:00,day,Shoulder_1,30,7:00,14:00,day,Shoulder_2,30,20:00,22:00,day,Shoulder_3,30,7:00,22:00,end,Off_Peak_1,20,22:00,7:00,both,,,,,,,,,,,,,,,,,,,,,,,31/07/2017,,,
EASO_TOU_20pc,retail,res,ENE446991SR,TOU,Flat_Rate,EnergyAustralia,NSW,ROLR - Standing Offer,Basic Home - 5 day TOU,110,0,20,,,,,,Peak,60,14:00,20:00,day,Shoulder_1,30,7:00,14:00,day,Shoulder_2,30,20:00,22:00,day,Shoulder_3,30,7:00,22:00,end,Off_Peak_1,20,22:00,7:00,both,,,,,,,,,,,,,,,,,,,,,,,31/07/2017,,,
EASO_TOU_25pc,retail,res,ENE446991SR,TOU,Flat_Rate,EnergyAustralia,NSW,ROLR - Standing Offer,Basic Home - 5 day TOU,110,0,25,,,,,,Peak,60,14:00,20:00,day,Shoulder_1,30,7:00,14:00,day,Shoulder_2,30,20:00,22:00,day,Shoulder_3,30,7:00,22:00,end,Off_Peak_1,20,22:00,7:00,both,,,,,,,,,,,,,,,,,,,,,,,31/07/2017,,,
EASO_TOU_15pc_FIT12,retail,res,ENE446991SR,TOU,Flat_Rate,EnergyAustralia,NSW,ROLR - Standing Offer,Basic Home - 5 day TOU,110,0,15,,,,,,Peak,60,14:00,20:00,day,Shoulder_1,30,7:00,14:00,day,Shoulder_2,30,20:00,22:00,day,Shoulder_3,30,7:00,22:00,end,Off_Peak_1,20,22:00,7:00,both,,,,,,,,,,,,,,,,,,,,,12,,31/07/2017,,,
EASO_TOU_15pc_FIT8,retail,res,ENE446991SR,TOU,Flat_Rate,EnergyAustralia,NSW,ROLR - Standing Offer,Basic Home - 5 day TOU,110,0,15,,,,,,Peak,60,14:00,20:00,day,Shoulder_1,30,7:00,14:00,day,Shoulder_2,30,20:00,22:00,day,Shoulder_3,30,7:00,22:00,end,Off_Peak_1,20,22:00,7:00,both,,,,,,,,,,,,,,,,,,,,,8,,31/07/2017,,,
EA225_p,network,com,,TOU,Zero_Rate,AusGrid,NSW,NB Only non-capital MSC included here,Small Business tOU,141.1158,,,,,,,,Peak,24.0568,14:00,20:00,day,Shoulder_1,6.7003,7:00,14:00,day,Shoulder_2,6.7003,20:00,22:00,day,Off_peak_3,2.0583,22:00,7:00,day,Off_peak_2,2.0583,0:00,23:59,end,,,,,,,,,,,,,,,,,,,,,,,,,8.2182,
EA302_p,network,com,,TOU_Demand,Zero_Rate,AusGrid,NSW,NB Only non-capital MSC included here,LV 40-160MWh,703.2439,,,40,kW,14:00,20:00,day,Peak,6.4736,14:00,20:00,day,Shoulder_1,3.0115,7:00,14:00,day,Shoulder_2,3.0115,20:00,22:00,day,Off_peak_3,1.156,22:00,7:00,day,Off_peak_2,1.156,0:00,23:59,end,,,,,,,,,,,,,,,,,,,,,,,,,13.2573,8.2696
EA305_p,network,com,,TOU_Demand,Zero_Rate,AusGrid,NSW,,LV 160-750 MW h (System),2138.3581,,,40,kVA,14:00,20:00,day,Peak,5.8132,14:00,20:00,day,Shoulder_1,2.6617,7:00,14:00,day,Shoulder_2,2.6617,20:00,22:00,day,Off_peak_3,1.2152,22:00,7:00,day,Off_peak_2,1.2152,0:00,23:59,end,,,,,,,,,,,,,,,,,,,,,0,,,1.0479,0,0
EA310,network,com,,TOU_Demand,Zero_Rate,AusGrid,NSW,,LV > 750 MW h (System),2643.4422,,,40,kVA,14:00,20:00,day,Peak,4.8389,14:00,20:00,day,Shoulder_1,2.3157,7:00,14:00,day,Shoulder_2,2.3157,20:00,22:00,day,Off_peak_3,1.5258,22:00,7:00,day,Off_peak_2,1.5258,0:00,23:59,end,,,,,,,,,,,,,,,,,,,,,0,,,1.0479,0,0
_TOU9,retail,com,,TOU,Zero_Rate,EA,NSW,9c.6.5c plus Echarges & GST,,,,,,,,,,,11.781,,,,,11.781,,,,,11.781,,,,,9.031,,,,,9.031,,,,,,,,,,,,,,,,,,,,,,,,,,,,,
EA225_TOU9,combined,com,,TOU,Zero_Rate,AusGrid,NSW,NB Only non-capital MSC included here,Small Business tOU,141.1158,,,,,,,,Peak,35.1833,14:00,20:00,day,Shoulder_1,21.0607,7:00,14:00,day,Shoulder_2,21.0607,20:00,22:00,day,Off_peak_3,12.523,22:00,7:00,day,Off_peak_2,12.523,0:00,23:59,end,,,,,,,,,,,,,,,,,,,,,,,,,7.4468,
EA302_TOU9,combined,com,,TOU_Demand,Zero_Rate,AusGrid,NSW,NB Only non-capital MSC included here,LV 40-160MWh,703.2439,,,40,kW,14:00,20:00,day,Peak,18.2546,14:00,20:00,day,Shoulder_1,14.7925,7:00,14:00,day,Shoulder_2,14.7925,20:00,22:00,day,Off_peak_3,10.187,22:00,7:00,day,Off_peak_2,10.187,0:00,23:59,end,,,,,,,,,,,,,,,,,,,,,,,,,13.2573,8.2696
EA225_p_TOU9,combined,com,,TOU,Zero_Rate,AusGrid,NSW,NB Only non-capital MSC included here,Small Business tOU,141.1158,,,,,,,,Peak,35.1833,14:00,20:00,day,Shoulder_1,21.0607,7:00,14:00,day,Shoulder_2,21.0607,20:00,22:00,day,Off_peak_3,12.523,22:00,7:00,day,Off_peak_2,12.523,0:00,23:59,end,,,,,,,,,,,,,,,,,,,,,,,,,8.2182,
EA302_p_TOU9,combined,com,,TOU_Demand,Zero_Rate,AusGrid,NSW,NB Only non-capital MSC included here,LV 40-160MWh,703.2439,,,40,kW,14:00,20:00,day,Peak,18.2546,14:00,20:00,day,Shoulder_1,14.7925,7:00,14:00,day,Shoulder_2,14.7925,20:00,22:00,day,Off_peak_3,10.187,22:00,7:00,day,Off_peak_2,10.187,0:00,23:59,end,,,,,,,,,,,,,,,,,,,,,,,,,14.0287,11.6961
EA305_p_TOU9,combined,com,,TOU_Demand,Zero_Rate,AusGrid,NSW,,LV 160-750 MW h (System),2138.3581,,,40,kVA,14:00,20:00,day,Peak,17.5942,14:00,20:00,day,Shoulder_1,14.4427,7:00,14:00,day,Shoulder_2,14.4427,20:00,22:00,day,Off_peak_3,10.2462,22:00,7:00,day,Off_peak_2,10.2462,0:00,23:59,end,,,,,,,,,,,,,,,,,,,,,0,,,1.0479,0,0
EA310_TOU9,combined,com,,TOU_Demand,Zero_Rate,AusGrid,NSW,,LV > 750 MW h (System),2643.4422,,,40,kVA,14:00,20:00,day,Peak,16.6199,14:00,20:00,day,Shoulder_1,14.0967,7:00,14:00,day,Shoulder_2,14.0967,20:00,22:00,day,Off_peak_3,10.5568,22:00,7:00,day,Off_peak_2,10.5568,0:00,23:59,end,,,,,,,,,,,,,,,,,,,,,0,,,1.0479,0,0
_TOU12,retail,com,,TOU,Zero_Rate,EA,NSW,12c9c plus Echarges & GST,,,,,,,,,,,15.081,,,,,15.081,,,,,15.081,,,,,11.781,,,,,11.781,,,,,,,,,,,,,,,,,,,,,,,,,,,,,
EA225_TOU12,combined,com,,TOU,Zero_Rate,AusGrid,NSW,NB Only non-capital MSC included here,Small Business tOU,141.1158,,,,,,,,Peak,39.1378,14:00,20:00,day,Shoulder_1,21.7813,7:00,14:00,day,Shoulder_2,21.7813,20:00,22:00,day,Off_peak_3,13.8393,22:00,7:00,day,Off_peak_2,13.8393,0:00,23:59,end,,,,,,,,,,,,,,,,,,,,,,,,,7.4468,
EA302_TOU12,combined,com,,TOU_Demand,Zero_Rate,AusGrid,NSW,NB Only non-capital MSC included here,LV 40-160MWh,703.2439,,,40,kW,14:00,20:00,day,Peak,21.5546,14:00,20:00,day,Shoulder_1,18.0925,7:00,14:00,day,Shoulder_2,18.0925,20:00,22:00,day,Off_peak_3,12.937,22:00,7:00,day,Off_peak_2,12.937,0:00,23:59,end,,,,,,,,,,,,,,,,,,,,,,,,,13.2573,8.2696
EA225_p_TOU12,combined,com,,TOU,Zero_Rate,AusGrid,NSW,NB Only non-capital MSC included here,Small Business tOU,141.1158,,,,,,,,Peak,38.4833,14:00,20:00,day,Shoulder_1,24.3607,7:00,14:00,day,Shoulder_2,24.3607,20:00,22:00,day,Off_peak_3,15.823,22:00,7:00,day,Off_peak_2,15.823,0:00,23:59,end,,,,,,,,,,,,,,,,,,,,,,,,,8.2182,
EA302_p_TOU12,combined,com,,TOU_Demand,Zero_Rate,AusGrid,NSW,NB Only non-capital MSC included here,LV 40-160MWh,703.2439,,,40,kW,14:00,20:00,day,Peak,21.5957,14:00,20:00,day,Shoulder_1,18.0925,7:00,14:00,day,Shoulder_2,18.0925,20:00,22:00,day,Off_peak_3,12.937,22:00,7:00,day,Off_peak_2,12.937,0:00,23:59,end,,,,,,,,,,,,,,,,,,,,,,,,,14.0287,11.6961
EA305_p_TOU12,combined,com,,TOU_Demand,Zero_Rate,AusGrid,NSW,,LV 160-750 MW h (System),2138.3581,,,40,kVA,14:00,20:00,day,Peak,20.8942,14:00,20:00,day,Shoulder_1,17.7427,7:00,14:00,day,Shoulder_2,17.7427,20:00,22:00,day,Off_peak_3,12.9962,22:00,7:00,day,Off_peak_2,12.9962,0:00,23:59,end,,,,,,,,,,,,,,,,,,,,,0,,,1.0479,0,0
EA310_TOU12,combined,com,,TOU_Demand,Zero_Rate,AusGrid,NSW,,LV > 750 MW h (System),2643.4422,,,40,kVA,14:00,20:00,day,Peak,19.9199,14:00,20:00,day,Shoulder_1,17.3967,7:00,14:00,day,Shoulder_2,17.3967,20:00,22:00,day,Off_peak_3,13.3068,22:00,7:00,day,Off_peak_2,13.3068,0:00,23:59,end,,,,,,,,,,,,,,,,,,,,,0,,,1.0479,0,0
_TOU9_FIT8,retail,com,,TOU,Flat_Rate,EA,NSW,9c.6.5c plus Echarges & GST,,,,,,,,,,,11.781,,,,,11.781,,,,,11.781,,,,,9.031,,,,,9.031,,,,,,,,,,,,,,,,,,,,,,,,8,,,,,
EA225_TOU9_FIT8,combined,com,,TOU,Zero_Rate,AusGrid,NSW,NB Only non-capital MSC included here,Small Business tOU,141.1158,,,,,,,,Peak,35.8378,14:00,20:00,day,Shoulder_1,18.4813,7:00,14:00,day,Shoulder_2,18.4813,20:00,22:00,day,Off_peak_3,11.0893,22:00,7:00,day,Off_peak_2,11.0893,0:00,23:59,end,,,,,,,,,,,,,,,,,,,,,8,,,,7.4468,
EA302_TOU9_FIT8,combined,com,,TOU_Demand,Zero_Rate,AusGrid,NSW,NB Only non-capital MSC included here,LV 40-160MWh,703.2439,,,40,kW,14:00,20:00,day,Peak,18.2546,14:00,20:00,day,Shoulder_1,14.7925,7:00,14:00,day,Shoulder_2,14.7925,20:00,22:00,day,Off_peak_3,10.187,22:00,7:00,day,Off_peak_2,10.187,0:00,23:59,end,,,,,,,,,,,,,,,,,,,,,8,,,,13.2573,8.2696
EA225_p_TOU9_FIT8,combined,com,,TOU,Zero_Rate,AusGrid,NSW,NB Only non-capital MSC included here,Small Business tOU,141.1158,,,,,,,,Peak,35.1833,14:00,20:00,day,Shoulder_1,21.0607,7:00,14:00,day,Shoulder_2,21.0607,20:00,22:00,day,Off_peak_3,12.523,22:00,7:00,day,Off_peak_2,12.523,0:00,23:59,end,,,,,,,,,,,,,,,,,,,,,8,,,,8.2182,
EA302_p_TOU9_FIT8,combined,com,,TOU_Demand,Zero_Rate,AusGrid,NSW,NB Only non-capital MSC included here,LV 40-160MWh,703.2439,,,40,kW,14:00,20:00,day,Peak,18.2546,14:00,20:00,day,Shoulder_1,14.7925,7:00,14:00,day,Shoulder_2,14.7925,20:00,22:00,day,Off_peak_3,10.187,22:00,7:00,day,Off_peak_2,10.187,0:00,23:59,end,,,,,,,,,,,,,,,,,,,,,8,,,,14.0287,11.6961
EA305_p_TOU9_FIT8,combined,com,,TOU_Demand,Zero_Rate,AusGrid,NSW,,LV 160-750 MW h (System),2138.3581,,,40,kVA,14:00,20:00,day,Peak,17.5942,14:00,20:00,day,Shoulder_1,14.4427,7:00,14:00,day,Shoulder_2,14.4427,20:00,22:00,day,Off_peak_3,10.2462,22:00,7:00,day,Off_peak_2,10.2462,0:00,23:59,end,,,,,,,,,,,,,,,,,,,,,8,,,1.0479,0,0
EA310_TOU9_FIT8,combined,com,,TOU_Demand,Zero_Rate,AusGrid,NSW,,LV > 750 MW h (System),2643.4422,,,40,kVA,14:00,20:00,day,Peak,16.6199,14:00,20:00,day,Shoulder_1,14.0967,7:00,14:00,day,Shoulder_2,14.0967,20:00,22:00,day,Off_peak_3,10.5568,22:00,7:00,day,Off_peak_2,10.5568,0:00,23:59,end,,,,,,,,,,,,,,,,,,,,,8,,,1.0479,0,0
_TOU12_FIT8,retail,com,,TOU,Flat_Rate,EA,NSW,12c9c plus Echarges & GST,,,,,,,,,,,15.081,,,,,15.081,,,,,15.081,,,,,11.781,,,,,11.781,,,,,,,,,,,,,,,,,,,,,,,,8,,,,,
EA225_TOU12_FIT8,combined,com,,TOU,Flat_Rate,AusGrid,NSW,NB Only non-capital MSC included here,Small Business tOU,141.1158,,,,,,,,Peak,39.1378,14:00,20:00,day,Shoulder_1,21.7813,7:00,14:00,day,Shoulder_2,21.7813,20:00,22:00,day,Off_peak_3,13.8393,22:00,7:00,day,Off_peak_2,13.8393,0:00,23:59,end,,,,,,,,,,,,,,,,,,,,,8,,,,7.4468,
EA302_TOU12_FIT8,combined,com,,TOU_Demand,Flat_Rate,AusGrid,NSW,NB Only non-capital MSC included here,LV 40-160MWh,703.2439,,,40,kW,14:00,20:00,day,Peak,21.5546,14:00,20:00,day,Shoulder_1,18.0925,7:00,14:00,day,Shoulder_2,18.0925,20:00,22:00,day,Off_peak_3,12.937,22:00,7:00,day,Off_peak_2,12.937,0:00,23:59,end,,,,,,,,,,,,,,,,,,,,,8,,,,13.2573,8.2696
EA225_p_TOU12_FIT8,combined,com,,TOU,Flat_Rate,AusGrid,NSW,NB Only non-capital MSC included here,Small Business tOU,141.1158,,,,,,,,Peak,38.4833,14:00,20:00,day,Shoulder_1,24.3607,7:00,14:00,day,Shoulder_2,24.3607,20:00,22:00,day,Off_peak_3,15.823,22:00,7:00,day,Off_peak_2,15.823,0:00,23:59,end,,,,,,,,,,,,,,,,,,,,,8,,,,8.2182,
EA302_p_TOU12_FIT8,combined,com,,TOU_Demand,Flat_Rate,AusGrid,NSW,NB Only non-capital MSC included here,LV 40-160MWh,703.2439,,,40,kW,14:00,20:00,day,Peak,21.5546,14:00,20:00,day,Shoulder_1,18.0925,7:00,14:00,day,Shoulder_2,18.0925,20:00,22:00,day,Off_peak_3,12.937,22:00,7:00,day,Off_peak_2,12.937,0:00,23:59,end,,,,,,,,,,,,,,,,,,,,,8,,,,14.0287,11.6961
EA305_p_TOU12_FIT8,combined,com,,TOU_Demand,Flat_Rate,AusGrid,NSW,,LV 160-750 MW h (System),2138.3581,,,40,kVA,14:00,20:00,day,Peak,20.8942,14:00,20:00,day,Shoulder_1,17.7427,7:00,14:00,day,Shoulder_2,17.7427,20:00,22:00,day,Off_peak_3,12.9962,22:00,7:00,day,Off_peak_2,12.9962,0:00,23:59,end,,,,,,,,,,,,,,,,,,,,,8,,,1.0479,0,0
EA310_TOU12_FIT8,combined,com,,TOU_Demand,Flat_Rate,AusGrid,NSW,,LV > 750 MW h (System),2643.4422,,,40,kVA,14:00,20:00,day,Peak,19.9199,14:00,20:00,day,Shoulder_1,17.3967,7:00,14:00,day,Shoulder_2,17.3967,20:00,22:00,day,Off_peak_3,13.3068,22:00,7:00,day,Off_peak_2,13.3068,0:00,23:59,end,,,,,,,,,,,,,,,,,,,,,8,,,1.0479,0,0
_TOU9_FIT12,retail,com,,TOU,Flat_Rate,EA,NSW,9c.6.5c plus Echarges & GST,,,,,,,,,,,11.781,,,,,11.781,,,,,11.781,,,,,9.031,,,,,9.031,,,,,,,,,,,,,,,,,,,,,,,,12,,,,,
EA225_TOU9_FIT12,combined,com,,TOU,Flat_Rate,AusGrid,NSW,NB Only non-capital MSC included here,Small Business tOU,141.1158,,,,,,,,Peak,35.8378,14:00,20:00,day,Shoulder_1,18.4813,7:00,14:00,day,Shoulder_2,18.4813,20:00,22:00,day,Off_peak_3,11.0893,22:00,7:00,day,Off_peak_2,11.0893,0:00,23:59,end,,,,,,,,,,,,,,,,,,,,,12,,,,7.4468,
EA302_TOU9_FIT12,combined,com,,TOU_Demand,Flat_Rate,AusGrid,NSW,NB Only non-capital MSC included here,LV 40-160MWh,689.4547,,,40,kW,14:00,20:00,day,Peak,17.7167,14:00,20:00,day,Shoulder_1,14.4491,7:00,14:00,day,Shoulder_2,14.4491,20:00,22:00,day,Off_peak_3,10.6437,22:00,7:00,day,Off_peak_2,10.6437,0:00,23:59,end,,,,,,,,,,,,,,,,,,,,,12,,,,13.2542,
EA225_p_TOU9_FIT12,combined,com,,TOU,Flat_Rate,AusGrid,NSW,NB Only non-capital MSC included here,Small Business tOU,141.1158,,,,,,,,Peak,35.1833,14:00,20:00,day,Shoulder_1,21.0607,7:00,14:00,day,Shoulder_2,21.0607,20:00,22:00,day,Off_peak_3,12.523,22:00,7:00,day,Off_peak_2,12.523,0:00,23:59,end,,,,,,,,,,,,,,,,,,,,,12,,,,8.2182,
EA302_p_TOU9_FIT12,combined,com,,TOU_Demand,Flat_Rate,AusGrid,NSW,NB Only non-capital MSC included here,LV 40-160MWh,703.2439,,,40,kW,14:00,20:00,day,Peak,18.2546,14:00,20:00,day,Shoulder_1,14.7925,7:00,14:00,day,Shoulder_2,14.7925,20:00,22:00,day,Off_peak_3,10.187,22:00,7:00,day,Off_peak_2,10.187,0:00,23:59,end,,,,,,,,,,,,,,,,,,,,,12,,,,14.0287,11.6961
EA305_p_TOU9_FIT12,combined,com,,TOU_Demand,Flat_Rate,AusGrid,NSW,,LV 160-750 MW h (System),2138.3581,,,40,kVA,14:00,20:00,day,Peak,17.5942,14:00,20:00,day,Shoulder_1,14.4427,7:00,14:00,day,Shoulder_2,14.4427,20:00,22:00,day,Off_peak_3,10.2462,22:00,7:00,day,Off_peak_2,10.2462,0:00,23:59,end,,,,,,,,,,,,,,,,,,,,,12,,,1.0479,0,0
EA310_TOU9_FIT12,combined,com,,TOU_Demand,Flat_Rate,AusGrid,NSW,,LV > 750 MW h (System),2643.4422,,,40,kVA,14:00,20:00,day,Peak,16.6199,14:00,20:00,day,Shoulder_1,14.0967,7:00,14:00,day,Shoulder_2,14.0967,20:00,22:00,day,Off_peak_3,10.5568,22:00,7:00,day,Off_peak_2,10.5568,0:00,23:59,end,,,,,,,,,,,,,,,,,,,,,12,,,1.0479,0,0
_TOU12_FIT12,retail,com,,TOU,Flat_Rate,EA,NSW,12c9c plus Echarges & GST,,,,,,,,,,,15.081,,,,,15.081,,,,,15.081,,,,,11.781,,,,,11.781,,,,,,,,,,,,,,,,,,,,,,,,12,,,,,
EA225_TOU12_FIT12,combined,com,,TOU,Flat_Rate,AusGrid,NSW,NB Only non-capital MSC included here,Small Business tOU,141.1158,,,,,,,,Peak,39.1378,14:00,20:00,day,Shoulder_1,21.7813,7:00,14:00,day,Shoulder_2,21.7813,20:00,22:00,day,Off_peak_3,13.8393,22:00,7:00,day,Off_peak_2,13.8393,0:00,23:59,end,,,,,,,,,,,,,,,,,,,,,12,,,,7.4468,
EA302_TOU12_FIT12,combined,com,,TOU_Demand,Flat_Rate,AusGrid,NSW,NB Only non-capital MSC included here,LV 40-160MWh,703.2439,,,40,kW,14:00,20:00,day,Peak,21.5546,14:00,20:00,day,Shoulder_1,18.0925,7:00,14:00,day,Shoulder_2,18.0925,20:00,22:00,day,Off_peak_3,12.937,22:00,7:00,day,Off_peak_2,12.937,0:00,23:59,end,,,,,,,,,,,,,,,,,,,,,12,,,,13.2573,8.2696
EA225_p_TOU12_FIT12,combined,com,,TOU,Flat_Rate,AusGrid,NSW,NB Only non-capital MSC included here,Small Business tOU,141.1158,,,,,,,,Peak,38.4833,14:00,20:00,day,Shoulder_1,24.3607,7:00,14:00,day,Shoulder_2,24.3607,20:00,22:00,day,Off_peak_3,15.823,22:00,7:00,day,Off_peak_2,15.823,0:00,23:59,end,,,,,,,,,,,,,,,,,,,,,12,,,,8.2182,
EA302_p_TOU12_FIT12,combined,com,,TOU_Demand,Flat_Rate,AusGrid,NSW,NB Only non-capital MSC included here,LV 40-160MWh,703.2439,,,40,kW,14:00,20:00,day,Peak,21.5546,14:00,20:00,day,Shoulder_1,18.0925,7:00,14:00,day,Shoulder_2,18.0925,20:00,22:00,day,Off_peak_3,12.937,22:00,7:00,day,Off_peak_2,12.937,0:00,23:59,end,,,,,,,,,,,,,,,,,,,,,12,,,,14.0287,11.6961
EA305_p_TOU12_FIT12,combined,com,,TOU_Demand,Flat_Rate,AusGrid,NSW,,LV 160-750 MW h (System),2138.3581,,,40,kVA,14:00,20:00,day,Peak,20.8942,14:00,20:00,day,Shoulder_1,17.7427,7:00,14:00,day,Shoulder_2,17.7427,20:00,22:00,day,Off_peak_3,12.9962,22:00,7:00,day,Off_peak_2,12.9962,0:00,23:59,end,,,,,,,,,,,,,,,,,,,,,12,,,1.0479,0,0
EA310_TOU12_FIT12,combined,com,,TOU_Demand,Flat_Rate,AusGrid,NSW,,LV > 750 MW h (System),2643.4422,,,40,kVA,14:00,20:00,day,Peak,19.9199,14:00,20:00,day,Shoulder_1,17.3967,7:00,14:00,day,Shoulder_2,17.3967,20:00,22:00,day,Off_peak_3,13.3068,22:00,7:00,day,Off_peak_2,13.3068,0:00,23:59,end,,,,,,,,,,,,,,,,,,,,,12,,,1.0479,0,0
SIT_15_FIT8_ppa1,retail,,,Solar_Inst_self_con_only,Flat_Rate,Allume,NSW,,Allume_Solar_Self_Con_1,106.04,,15,,,,,,Peak,60.39,14:00,20:00,day,Shoulder_1,27.456,7:00,14:00,day,Shoulder_2,27.456,20:00,22:00,day,Shoulder_3,27.456,7:00,22:00,end,Off_Peak_1,16.764,22:00,7:00,both,solar_sc,19.8,0:00,23:59,both,,,,,,,,,,,,,,,,8,,,,,
SIT_15_FIT8_ppa2,retail,,,Solar_Inst_self_con_only,Flat_Rate,Allume,NSW,,Allume_Solar_Self_Con_2,106.04,,15,,,,,,Peak,60.39,14:00,20:00,day,Shoulder_1,27.456,7:00,14:00,day,Shoulder_2,27.456,20:00,22:00,day,Shoulder_3,27.456,7:00,22:00,end,Off_Peak_1,16.764,22:00,7:00,both,solar_sc,22,0:00,23:59,both,,,,,,,,,,,,,,,,8,,,,,
SIT_15_FIT12_ppa1,retail,,,Solar_Inst_self_con_only,Flat_Rate,Allume,NSW,,Allume_Solar_Self_Con_1,106.04,,15,,,,,,Peak,60.39,14:00,20:00,day,Shoulder_1,27.456,7:00,14:00,day,Shoulder_2,27.456,20:00,22:00,day,Shoulder_3,27.456,7:00,22:00,end,Off_Peak_1,16.764,22:00,7:00,both,solar_sc,19.8,0:00,23:59,both,,,,,,,,,,,,,,,,12,,,,,
SIT_15_FIT12_ppa2,retail,,,Solar_Inst_self_con_only,Flat_Rate,Allume,NSW,,Allume_Solar_Self_Con_2,106.04,,15,,,,,,Peak,60.39,14:00,20:00,day,Shoulder_1,27.456,7:00,14:00,day,Shoulder_2,27.456,20:00,22:00,day,Shoulder_3,27.456,7:00,22:00,end,Off_Peak_1,16.764,22:00,7:00,both,solar_sc,22,0:00,23:59,both,,,,,,,,,,,,,,,,12,,,,,
SIT_15_ppa1,retail,,,Solar_Inst_self_con_only,Zero_Rate,Allume,NSW,,Allume_Solar_Self_Con_1,106.04,,15,,,,,,Peak,60.39,14:00,20:00,day,Shoulder_1,27.456,7:00,14:00,day,Shoulder_2,27.456,20:00,22:00,day,Shoulder_3,27.456,7:00,22:00,end,Off_Peak_1,16.764,22:00,7:00,both,solar_sc,19.8,0:00,23:59,both,,,,,,,,,,,,,,,,0,,,,,
SIT_15_ppa2,retail,,,Solar_Inst_self_con_only,Zero_Rate,Allume,NSW,,Allume_Solar_Self_Con_2,106.04,,15,,,,,,Peak,60.39,14:00,20:00,day,Shoulder_1,27.456,7:00,14:00,day,Shoulder_2,27.456,20:00,22:00,day,Shoulder_3,27.456,7:00,22:00,end,Off_Peak_1,16.764,22:00,7:00,both,solar_sc,22,0:00,23:59,both,,,,,,,,,,,,,,,,0,,,,,
STS_35,retail,,,TOU,Flat_Rate,MR,NSW,,Solar_TOU_Solar_Period_20%,106.04,,35,,,,,,Peak1,60.39,18:00,6:00,both,Shoulder1,27.456,6:00,10:00,both,Shoulder 2,27.456,14:00,18:00,both,Off_Peak_1,16.764,10:00,14:00,both,,,,,,,,,,,,,,,,,,,,,,,,,,0,,,,,
STS_40,retail,,,TOU,Flat_Rate,MR,NSW,,Solar_TOU_Solar_Period_20%,106.04,,40,,,,,,Peak1,60.39,18:00,6:00,both,Shoulder1,27.456,6:00,10:00,both,Shoulder 2,27.456,14:00,18:00,both,Off_Peak_1,16.764,10:00,14:00,both,,,,,,,,,,,,,,,,,,,,,,,,,,0,,,,,
STC_15,retail,,,TOU,Flat_Rate,MR,NSW,,Solar_TOU_Combined_Period_15%,106.04,,15,,,,,,Peak,60.39,14:00,20:00,day,Shoulder1,27.456,7:00,10:00,both,Shoulder2,27.456,14:00,22:00,end,Off_Peak_1,16.764,22:00,7:00,both,Off_peak_2,16.764,10:00,14:00,both,Shoulder_4,27.456,20:00,22:00,day,,,,,,,,,,,,,,,,0,,,,,
STC_20,retail,,,TOU,Flat_Rate,MR,NSW,,Solar_TOU_Combined_Period_20%,106.04,,20,,,,,,Peak,60.39,14:00,20:00,day,Shoulder1,27.456,7:00,10:00,both,Shoulder2,27.456,14:00,22:00,end,Off_Peak_1,16.764,22:00,7:00,both,Off_peak_2,16.764,10:00,14:00,both,Shoulder_5,28.456,20:00,22:00,day,,,,,,,,,,,,,,,,0,,,,,
EA_Basic_Home,retail,,,Flat,Zero_Rate,EnergyAustralia,NSW,,Basic Home,90.64,31.636,,,,,,,,,,,,,,,,,,,,,,,,,,,,,,,,,,,,,,,,,,,,,,,,,,,,0,,,,,
PS_100G,retail,,,Flat,Flat_rate,Powershop,NSW,,100% GreenPower,99.96,38.2,,,,,,,,,,,,,,,,,,,,,,,,,,,,,,,,,,,,,,,,,,,,,,,,,,,,10.2,,,,,
SE_BW_20,retail,,,Block_Weekly,Zero_Rate,Simply Energy,NSW,,Simply Extra 20%,0.87065,,20,,,,,,,,,,,,,,,,,,,,,,,,,,,,,,,,,,,,,,,,,,,,,,30.767,10.96,30.316,10000,,0,,,,,
PS_STDSAV,retail,,,Flat,Zero_Rate,Powershop,NSW,,Standard Saver,97.94,31.54,,,,,,,,,,,,,,,,,,,,,,,,,,,,,,,,,,,,,,,,,,,,,,,,,,,,0,,,,,
OR_F18,retail,,,Flat,Zero_Rate,Origin,NSW,18% disc on usage only,Maximiser,91.729,25.72504,0,,,,,,,,,,,,,,,,,,,,,,,,,,,,,,,,,,,,,,,,,,,,,,,,,,,,,,,,
AGL_F13,retail,,,Flat,Zero_Rate,AGL,NSW,,Select 13,92.4,31.9,13,,,,,,,,,,,,,,,,,,,,,,,,,,,,,,,,,,,,,,,,,,,,,,,,,,,,,,,,
EA_VSHP,retail,,,Block_Weekly,Zero_Rate,EnergyAustralia,NSW,4% on usage only,Value Saver- Home Peak,0.825,,,,,,,,,,,,,,,,,,,,,,,,,,,,,,,,,,,,,,,,,,,,,,,,25.22784,8.97849,,,,,,,,,
test_bd,retail,,,Block_Daily,Zero_Rate,mr,NSW,,,1,,,,,,,,,,,,,,,,,,,,,,,,,,,,,,,,,,,,,,,,,,,,,,,,10,26,100,50,200,,,,,,
test_flat,retail,,,Flat,Zero_Rate,mr,NSW,,,1,10,,,,,,,,,,,,,,,,,,,,,,,,,,,,,,,,,,,,,,,,,,,,,,,,,,,,,,,,,
test_bq,retail,,,Block_Quarterly,Zero_Rate,mr,NSW,,,1,,,,,,,,,,,,,,,,,,,,,,,,,,,,,,,,,,,,,,,,,,,,,,,,10,500,100,700,200,,,,,,
demand_test,retail,,,demand tariff,Zero_Rate,ARAS,NSW,,,500,,10,60,KW,14:00,20:00,day,,,,,,,,,,,,,,,,,,,,,,,,,,,,,,,,,,,,,,,,,,,,,,,,,,,
DMO_Flat,retail,res,,Flat,Flat_Rate,ARAS,NSW,ROLR - Default Market Offer,Basic Home - Peak Only,86.9165,29.051,10,,,,,,,,,,,,,,,,,,,,,,,,,,,,,,,,,,,,,,,,,,,,,,,,,,,,,31/07/2019,,,
DMO_NSW1,retail,res,,TOU,Zero_Rate,AusGrid,NSW,ROLR - Default Market Offer,Basic Home - 5 day TOU,100.265,0,,,,,,,Peak,54.879,14:00,20:00,day,Shoulder_1,24.629,7:00,14:00,day,Shoulder_2,24.629,20:00,22:00,day,Shoulder_3,24.629,7:00,22:00,end,Off_Peak_1,14.927,22:00,7:00,both,,,,,,,,,,,,,,,,,,,,,,,31/07/2019,,,
DMO_NSW2,retail,res,,TOU,Zero_Rate,Essential Energy,NSW,ROLR - Default Market Offer,Basic Home - 5 day TOU,151.25,0,,,,,,,Peak,37.631,14:00,20:00,day,Shoulder_1,36.223,7:00,14:00,day,Shoulder_2,36.223,20:00,22:00,day,Shoulder_3,36.223,7:00,22:00,end,Off_Peak_1,20.812,22:00,7:00,both,,,,,,,,,,,,,,,,,,,,,,,31/07/2019,,,
DMO_NSW3,retail,res,,TOU,Zero_Rate,Endeavour Energy,NSW,ROLR - Default Market Offer,Basic Home - 5 day TOU,105.237,0,,,,,,,Peak,43.23,14:00,20:00,day,Shoulder_1,28.578,7:00,14:00,day,Shoulder_2,28.578,20:00,22:00,day,Shoulder_3,28.578,7:00,22:00,end,Off_Peak_1,35.332,22:00,7:00,both,,,,,,,,,,,,,,,,,,,,,,,31/07/2019,,,
DMO_NSW_10,retail,res,,TOU,Zero_Rate,ARAS,NSW,ROLR - Default Market Offer,Basic Home - 5 day TOU,118.9173,0,10,,,,,,Peak,45.24666667,14:00,20:00,day,Shoulder_1,29.81,7:00,14:00,day,Shoulder_2,29.81,20:00,22:00,day,Shoulder_3,29.81,7:00,22:00,end,Off_Peak_1,23.69033333,22:00,7:00,both,,,,,,,,,,,,,,,,,,,,,,,31/07/2019,,,
DMO_NSW_15,retail,res,,TOU,Zero_Rate,ARAS,NSW,ROLR - Default Market Offer,Basic Home - 5 day TOU,118.9173,0,15,,,,,,Peak,45.24666667,14:00,20:00,day,Shoulder_1,29.81,7:00,14:00,day,Shoulder_2,29.81,20:00,22:00,day,Shoulder_3,29.81,7:00,22:00,end,Off_Peak_1,23.69033333,22:00,7:00,both,,,,,,,,,,,,,,,,,,,,,,,31/07/2019,,,
DMO_NSW_20,retail,res,,TOU,Zero_Rate,ARAS,NSW,ROLR - Default Market Offer,Basic Home - 5 day TOU,118.9173,0,20,,,,,,Peak,45.24666667,14:00,20:00,day,Shoulder_1,29.81,7:00,14:00,day,Shoulder_2,29.81,20:00,22:00,day,Shoulder_3,29.81,7:00,22:00,end,Off_Peak_1,23.69033333,22:00,7:00,both,,,,,,,,,,,,,,,,,,,,,,,31/07/2019,,,
DMO_NSW_30,retail,res,,TOU,Zero_Rate,ARAS,NSW,ROLR - Default Market Offer,Basic Home - 5 day TOU,118.9173,0,30,,,,,,Peak,45.24666667,14:00,20:00,day,Shoulder_1,29.81,7:00,14:00,day,Shoulder_2,29.81,20:00,22:00,day,Shoulder_3,29.81,7:00,22:00,end,Off_Peak_1,23.69033333,22:00,7:00,both,,,,,,,,,,,,,,,,,,,,,,,31/07/2019,,,
DMO_TOU_15pc_FIT12,retail,res,,TOU,Flat_Rate,ARAS,NSW,ROLR - Default Market Offer,Basic Home - 5 day TOU,118.9173,0,15,,,,,,Peak,45.24666667,14:00,20:00,day,Shoulder_1,29.81,7:00,14:00,day,Shoulder_2,29.81,20:00,22:00,day,Shoulder_3,29.81,7:00,22:00,end,Off_Peak_1,23.69033333,22:00,7:00,both,,,,,,,,,,,,,,,,,,,,,12,,31/07/2017,,,
DMO_TOU_15pc_FIT8,retail,res,,TOU,Flat_Rate,ARAS,NSW,ROLR - Default Market Offer,Basic Home - 5 day TOU,118.9173,0,15,,,,,,Peak,45.24666667,14:00,20:00,day,Shoulder_1,29.81,7:00,14:00,day,Shoulder_2,29.81,20:00,22:00,day,Shoulder_3,29.81,7:00,22:00,end,Off_Peak_1,23.69033333,22:00,7:00,both,,,,,,,,,,,,,,,,,,,,,8,,31/07/2017,,,
DMO_SIT_15_FIT8_ppa1,retail,,,Solar_Inst_self_con_only,Flat_Rate,Allume,NSW,,Allume_Solar_Self_Con_1,118.9173,,15,,,,,,Peak,45.24666667,14:00,20:00,day,Shoulder_1,29.81,7:00,14:00,day,Shoulder_2,29.81,20:00,22:00,day,Shoulder_3,29.81,7:00,22:00,end,Off_Peak_1,23.69033333,22:00,7:00,both,solar_sc,19.8,0:00,23:59,both,,,,,,,,,,,,,,,,8,,31/07/2019,,,
DMO_SIT_15_FIT8_ppa2,retail,,,Solar_Inst_self_con_only,Flat_Rate,Allume,NSW,,Allume_Solar_Self_Con_2,118.9173,,15,,,,,,Peak,45.24666667,14:00,20:00,day,Shoulder_1,29.81,7:00,14:00,day,Shoulder_2,29.81,20:00,22:00,day,Shoulder_3,29.81,7:00,22:00,end,Off_Peak_1,23.69033333,22:00,7:00,both,solar_sc,22,0:00,23:59,both,,,,,,,,,,,,,,,,8,,31/07/2019,,,
DMO_SIT_15_FIT8_ppa3,retail,,,Solar_Inst_self_con_only,Flat_Rate,Allume,NSW,,Allume_Solar_Self_Con_2,118.9173,,15,,,,,,Peak,45.24666667,14:00,20:00,day,Shoulder_1,29.81,7:00,14:00,day,Shoulder_2,29.81,20:00,22:00,day,Shoulder_3,29.81,7:00,22:00,end,Off_Peak_1,23.69033333,22:00,7:00,both,solar_sc,11,0:00,23:59,both,,,,,,,,,,,,,,,,8,,,,,
DMO_SIT_15_FIT8_ppa4,retail,,,Solar_Inst_self_con_only,Flat_Rate,Allume,NSW,,Allume_Solar_Self_Con_2,118.9173,,15,,,,,,Peak,45.24666667,14:00,20:00,day,Shoulder_1,29.81,7:00,14:00,day,Shoulder_2,29.81,20:00,22:00,day,Shoulder_3,29.81,7:00,22:00,end,Off_Peak_1,23.69033333,22:00,7:00,both,solar_sc,25,0:00,23:59,both,,,,,,,,,,,,,,,,8,,,,,
DMO_SIT_15_FIT8_ppa5,retail,,,Solar_Inst_self_con_only,Flat_Rate,Allume,NSW,,Allume_Solar_Self_Con_2,118.9173,,15,,,,,,Peak,45.24666667,14:00,20:00,day,Shoulder_1,29.81,7:00,14:00,day,Shoulder_2,29.81,20:00,22:00,day,Shoulder_3,29.81,7:00,22:00,end,Off_Peak_1,23.69033333,22:00,7:00,both,solar_sc,30,0:00,23:59,both,,,,,,,,,,,,,,,,8,,,,,
DMO_SIT_15_FIT12_ppa1,retail,,,Solar_Inst_self_con_only,Flat_Rate,Allume,NSW,,Allume_Solar_Self_Con_1,118.9173,,15,,,,,,Peak,45.24666667,14:00,20:00,day,Shoulder_1,29.81,7:00,14:00,day,Shoulder_2,29.81,20:00,22:00,day,Shoulder_3,29.81,7:00,22:00,end,Off_Peak_1,23.69033333,22:00,7:00,both,solar_sc,19.8,0:00,23:59,both,,,,,,,,,,,,,,,,12,,31/07/2019,,,
DMO_SIT_15_FIT12_ppa2,retail,,,Solar_Inst_self_con_only,Flat_Rate,Allume,NSW,,Allume_Solar_Self_Con_2,118.9173,,15,,,,,,Peak,45.24666667,14:00,20:00,day,Shoulder_1,29.81,7:00,14:00,day,Shoulder_2,29.81,20:00,22:00,day,Shoulder_3,29.81,7:00,22:00,end,Off_Peak_1,23.69033333,22:00,7:00,both,solar_sc,22,0:00,23:59,both,,,,,,,,,,,,,,,,12,,31/07/2019,,,
DMO_SIT_15_FIT12_ppa3,retail,,,Solar_Inst_self_con_only,Flat_Rate,Allume,NSW,,Allume_Solar_Self_Con_2,118.9173,,15,,,,,,Peak,45.24666667,14:00,20:00,day,Shoulder_1,29.81,7:00,14:00,day,Shoulder_2,29.81,20:00,22:00,day,Shoulder_3,29.81,7:00,22:00,end,Off_Peak_1,23.69033333,22:00,7:00,both,solar_sc,11,0:00,23:59,both,,,,,,,,,,,,,,,,12,,31/07/2019,,,
DMO_SIT_15_FIT12_ppa4,retail,,,Solar_Inst_self_con_only,Flat_Rate,Allume,NSW,,Allume_Solar_Self_Con_2,118.9173,,15,,,,,,Peak,45.24666667,14:00,20:00,day,Shoulder_1,29.81,7:00,14:00,day,Shoulder_2,29.81,20:00,22:00,day,Shoulder_3,29.81,7:00,22:00,end,Off_Peak_1,23.69033333,22:00,7:00,both,solar_sc,25,0:00,23:59,both,,,,,,,,,,,,,,,,12,,31/07/2019,,,
DMO_SIT_15_FIT12_ppa5,retail,,,Solar_Inst_self_con_only,Flat_Rate,Allume,NSW,,Allume_Solar_Self_Con_2,118.9173,,15,,,,,,Peak,45.24666667,14:00,20:00,day,Shoulder_1,29.81,7:00,14:00,day,Shoulder_2,29.81,20:00,22:00,day,Shoulder_3,29.81,7:00,22:00,end,Off_Peak_1,23.69033333,22:00,7:00,both,solar_sc,30,0:00,23:59,both,,,,,,,,,,,,,,,,12,,31/07/2019,,,
DMO_SIT_15_FIT17_ppa1,retail,,,Solar_Inst_self_con_only,Flat_Rate,Allume,NSW,,Allume_Solar_Self_Con_1,118.9173,,15,,,,,,Peak,45.24666667,14:00,20:00,day,Shoulder_1,29.81,7:00,14:00,day,Shoulder_2,29.81,20:00,22:00,day,Shoulder_3,29.81,7:00,22:00,end,Off_Peak_1,23.69033333,22:00,7:00,both,solar_sc,19.8,0:00,23:59,both,,,,,,,,,,,,,,,,17,,31/07/2019,,,
DMO_SIT_15_FIT20_ppa1,retail,,,Solar_Inst_self_con_only,Flat_Rate,Allume,NSW,,Allume_Solar_Self_Con_1,118.9173,,15,,,,,,Peak,45.24666667,14:00,20:00,day,Shoulder_1,29.81,7:00,14:00,day,Shoulder_2,29.81,20:00,22:00,day,Shoulder_3,29.81,7:00,22:00,end,Off_Peak_1,23.69033333,22:00,7:00,both,solar_sc,19.8,0:00,23:59,both,,,,,,,,,,,,,,,,20,,31/07/2019,,,
DMO_SIT_15_FIT17_ppa2,retail,,,Solar_Inst_self_con_only,Flat_Rate,Allume,NSW,,Allume_Solar_Self_Con_2,118.9173,,15,,,,,,Peak,45.24666667,14:00,20:00,day,Shoulder_1,29.81,7:00,14:00,day,Shoulder_2,29.81,20:00,22:00,day,Shoulder_3,29.81,7:00,22:00,end,Off_Peak_1,23.69033333,22:00,7:00,both,solar_sc,22,0:00,23:59,both,,,,,,,,,,,,,,,,17,,31/07/2019,,,
DMO_SIT_15_FIT20_ppa2,retail,,,Solar_Inst_self_con_only,Flat_Rate,Allume,NSW,,Allume_Solar_Self_Con_2,118.9173,,15,,,,,,Peak,45.24666667,14:00,20:00,day,Shoulder_1,29.81,7:00,14:00,day,Shoulder_2,29.81,20:00,22:00,day,Shoulder_3,29.81,7:00,22:00,end,Off_Peak_1,23.69033333,22:00,7:00,both,solar_sc,22,0:00,23:59,both,,,,,,,,,,,,,,,,20,,,,,
DMO_SIT_15_FIT17_ppa3,retail,,,Solar_Inst_self_con_only,Flat_Rate,Allume,NSW,,Allume_Solar_Self_Con_2,118.9173,,15,,,,,,Peak,45.24666667,14:00,20:00,day,Shoulder_1,29.81,7:00,14:00,day,Shoulder_2,29.81,20:00,22:00,day,Shoulder_3,29.81,7:00,22:00,end,Off_Peak_1,23.69033333,22:00,7:00,both,solar_sc,11,0:00,23:59,both,,,,,,,,,,,,,,,,17,,31/07/2019,,,
DMO_SIT_15_FIT20_ppa3,retail,,,Solar_Inst_self_con_only,Flat_Rate,Allume,NSW,,Allume_Solar_Self_Con_2,118.9173,,15,,,,,,Peak,45.24666667,14:00,20:00,day,Shoulder_1,29.81,7:00,14:00,day,Shoulder_2,29.81,20:00,22:00,day,Shoulder_3,29.81,7:00,22:00,end,Off_Peak_1,23.69033333,22:00,7:00,both,solar_sc,11,0:00,23:59,both,,,,,,,,,,,,,,,,20,,31/07/2019,,,
DMO_SIT_15_FIT17_ppa4,retail,,,Solar_Inst_self_con_only,Flat_Rate,Allume,NSW,,Allume_Solar_Self_Con_2,118.9173,,15,,,,,,Peak,45.24666667,14:00,20:00,day,Shoulder_1,29.81,7:00,14:00,day,Shoulder_2,29.81,20:00,22:00,day,Shoulder_3,29.81,7:00,22:00,end,Off_Peak_1,23.69033333,22:00,7:00,both,solar_sc,25,0:00,23:59,both,,,,,,,,,,,,,,,,17,,31/07/2019,,,
DMO_SIT_15_FIT20_ppa4,retail,,,Solar_Inst_self_con_only,Flat_Rate,Allume,NSW,,Allume_Solar_Self_Con_2,118.9173,,15,,,,,,Peak,45.24666667,14:00,20:00,day,Shoulder_1,29.81,7:00,14:00,day,Shoulder_2,29.81,20:00,22:00,day,Shoulder_3,29.81,7:00,22:00,end,Off_Peak_1,23.69033333,22:00,7:00,both,solar_sc,25,0:00,23:59,both,,,,,,,,,,,,,,,,20,,31/07/2019,,,
DMO_SIT_15_FIT17_ppa5,retail,,,Solar_Inst_self_con_only,Flat_Rate,Allume,NSW,,Allume_Solar_Self_Con_2,118.9173,,15,,,,,,Peak,45.24666667,14:00,20:00,day,Shoulder_1,29.81,7:00,14:00,day,Shoulder_2,29.81,20:00,22:00,day,Shoulder_3,29.81,7:00,22:00,end,Off_Peak_1,23.69033333,22:00,7:00,both,solar_sc,30,0:00,23:59,both,,,,,,,,,,,,,,,,17,,31/07/2019,,,
DMO_SIT_15_FIT20_ppa5,retail,,,Solar_Inst_self_con_only,Flat_Rate,Allume,NSW,,Allume_Solar_Self_Con_2,118.9173,,15,,,,,,Peak,45.24666667,14:00,20:00,day,Shoulder_1,29.81,7:00,14:00,day,Shoulder_2,29.81,20:00,22:00,day,Shoulder_3,29.81,7:00,22:00,end,Off_Peak_1,23.69033333,22:00,7:00,both,solar_sc,30,0:00,23:59,both,,,,,,,,,,,,,,,,20,,31/07/2019,,,
DMO_SIT_15_ppa1,retail,,,Solar_Inst_self_con_only,Zero_Rate,Allume,NSW,,Allume_Solar_Self_Con_1,118.9173,,15,,,,,,Peak,45.24666667,14:00,20:00,day,Shoulder_1,29.81,7:00,14:00,day,Shoulder_2,29.81,20:00,22:00,day,Shoulder_3,29.81,7:00,22:00,end,Off_Peak_1,23.69033333,22:00,7:00,both,solar_sc,19.8,0:00,23:59,both,,,,,,,,,,,,,,,,0,,31/07/2019,,,
DMO_SIT_15_ppa2,retail,,,Solar_Inst_self_con_only,Zero_Rate,Allume,NSW,,Allume_Solar_Self_Con_2,118.9173,,15,,,,,,Peak,45.24666667,14:00,20:00,day,Shoulder_1,29.81,7:00,14:00,day,Shoulder_2,29.81,20:00,22:00,day,Shoulder_3,29.81,7:00,22:00,end,Off_Peak_1,23.69033333,22:00,7:00,both,solar_sc,22,0:00,23:59,both,,,,,,,,,,,,,,,,0,,31/07/2019,,,
DMO_SIT_15_ppa3,retail,,,Solar_Inst_self_con_only,Zero_Rate,Allume,NSW,,Allume_Solar_Self_Con_2,118.9173,,15,,,,,,Peak,45.24666667,14:00,20:00,day,Shoulder_1,29.81,7:00,14:00,day,Shoulder_2,29.81,20:00,22:00,day,Shoulder_3,29.81,7:00,22:00,end,Off_Peak_1,23.69033333,22:00,7:00,both,solar_sc,11,0:00,23:59,both,,,,,,,,,,,,,,,,0,,31/07/2019,,,
DMO_SIT_15_ppa4,retail,,,Solar_Inst_self_con_only,Zero_Rate,Allume,NSW,,Allume_Solar_Self_Con_2,118.9173,,15,,,,,,Peak,45.24666667,14:00,20:00,day,Shoulder_1,29.81,7:00,14:00,day,Shoulder_2,29.81,20:00,22:00,day,Shoulder_3,29.81,7:00,22:00,end,Off_Peak_1,23.69033333,22:00,7:00,both,solar_sc,25,0:00,23:59,both,,,,,,,,,,,,,,,,0,,31/07/2019,,,
DMO_SIT_15_ppa5,retail,,,Solar_Inst_self_con_only,Zero_Rate,Allume,NSW,,Allume_Solar_Self_Con_2,118.9173,,15,,,,,,Peak,45.24666667,14:00,20:00,day,Shoulder_1,29.81,7:00,14:00,day,Shoulder_2,29.81,20:00,22:00,day,Shoulder_3,29.81,7:00,22:00,end,Off_Peak_1,23.69033333,22:00,7:00,both,solar_sc,30,0:00,23:59,both,,,,,,,,,,,,,,,,0,,31/07/2019,,,
STC_15_DMO,retail,,,TOU,Flat_Rate,ARAS,NSW,,Solar_TOU_Combined_Period_15%,118.9173,,15,,,,,,Peak,45.24666667,14:00,20:00,day,Shoulder1,29.81,7:00,10:00,both,Shoulder2,29.81,14:00,22:00,end,Off_Peak_1,29.81,22:00,7:00,both,Off_peak_2,23.69033333,10:00,14:00,both,Shoulder_4,27.456,20:00,22:00,day,,,,,,,,,,,,,,,,0,,31/07/2019,,,
STC_20_DMO,retail,,,TOU,Flat_Rate,ARAS,NSW,,Solar_TOU_Combined_Period_20%,118.9173,,20,,,,,,Peak,45.24666667,14:00,20:00,day,Shoulder1,29.81,7:00,10:00,both,Shoulder2,29.81,14:00,22:00,end,Off_Peak_1,29.81,22:00,7:00,both,Off_peak_2,23.69033333,10:00,14:00,both,Shoulder_5,27.456,20:00,22:00,day,,,,,,,,,,,,,,,,0,,31/07/2019,,,
STC_DMO_1,retail,,,TOU,Flat_Rate,ARAS,NSW,,Solar_TOU_Combined_Period_10%,118.9173,,10,,,,,,Peak,45.24666667,14:00,20:00,day,Shoulder1,29.81,7:00,10:00,both,Shoulder2,29.81,14:00,22:00,end,Off_Peak_1,29.81,22:00,7:00,both,Off_peak_2,23.69033333,10:00,14:00,both,Shoulder_5,27.456,20:00,22:00,day,,,,,,,,,,,,,,,,0,,31/07/2019,,,
STC_DMO_2,retail,,,TOU,Flat_Rate,ARAS,NSW,,Solar_TOU_Combined_Period_20%,118.9173,,20,,,,,,Peak,45.24666667,14:00,20:00,day,Shoulder1,29.81,7:00,10:00,both,Shoulder2,29.81,14:00,22:00,end,Off_Peak_1,29.81,22:00,7:00,both,Off_peak_2,23.69033333,10:00,14:00,both,Shoulder_5,27.456,20:00,22:00,day,,,,,,,,,,,,,,,,0,,31/07/2019,,,
STC_DMO_3,retail,,,TOU,Flat_Rate,ARAS,NSW,,Solar_TOU_Combined_Period_30%,118.9173,,30,,,,,,Peak,45.24666667,14:00,20:00,day,Shoulder1,29.81,7:00,10:00,both,Shoulder2,29.81,14:00,22:00,end,Off_Peak_1,29.81,22:00,7:00,both,Off_peak_2,23.69033333,10:00,14:00,both,Shoulder_5,27.456,20:00,22:00,day,,,,,,,,,,,,,,,,0,,31/07/2019,,,
STC_DMO_4,retail,,,TOU,Flat_Rate,ARAS,NSW,,Solar_TOU_Combined_Period_40%,118.9173,,40,,,,,,Peak,45.24666667,14:00,20:00,day,Shoulder1,29.81,7:00,10:00,both,Shoulder2,29.81,14:00,22:00,end,Off_Peak_1,29.81,22:00,7:00,both,Off_peak_2,23.69033333,10:00,14:00,both,Shoulder_5,27.456,20:00,22:00,day,,,,,,,,,,,,,,,,0,,31/07/2019,,,
STC_DMO_5,retail,,,TOU,Flat_Rate,ARAS,NSW,,Solar_TOU_Combined_Period_45%,118.9173,,50,,,,,,Peak,45.24666667,14:00,20:00,day,Shoulder1,29.81,7:00,10:00,both,Shoulder2,29.81,14:00,22:00,end,Off_Peak_1,29.81,22:00,7:00,both,Off_peak_2,23.69033333,10:00,14:00,both,Shoulder_5,27.456,20:00,22:00,day,,,,,,,,,,,,,,,,0,,31/07/2019,,,
STS_35_DMO,retail,,,TOU,Flat_Rate,ARAS,NSW,,Solar_TOU_Solar_Period_20%,118.9173,,35,,,,,,Peak,45.24666667,18:00,6:00,both,Shoulder1,29.81,6:00,10:00,both,Shoulder 2,29.81,14:00,18:00,both,Off_Peak_1,29.81,10:00,14:00,both,,,,,,,,,,,,,,,,,,,,,,,,,,0,,31/07/2019,,,
STS_40_DMO,retail,,,TOU,Flat_Rate,ARAS,NSW,,Solar_TOU_Solar_Period_20%,118.9173,,40,,,,,,Peak,45.24666667,18:00,6:00,both,Shoulder1,29.81,6:00,10:00,both,Shoulder 2,29.81,14:00,18:00,both,Off_Peak_1,29.81,10:00,14:00,both,,,,,,,,,,,,,,,,,,,,,,,,,,0,,31/07/2019,,,
STS_DMO_1,retail,,,TOU,Flat_Rate,ARAS,NSW,,Solar_TOU_Combined_Period_10%,118.9173,,10,,,,,,Peak,45.24666667,18:00,6:00,both,Shoulder1,29.81,6:00,10:00,both,Shoulder 2,29.81,14:00,18:00,both,Off_Peak_1,29.81,10:00,14:00,both,,,,,,,,,,,,,,,,,,,,,,,,,,0,,31/07/2019,,,
STS_DMO_2,retail,,,TOU,Flat_Rate,ARAS,NSW,,Solar_TOU_Combined_Period_20%,118.9173,,20,,,,,,Peak,45.24666667,18:00,6:00,both,Shoulder1,29.81,6:00,10:00,both,Shoulder 2,29.81,14:00,18:00,both,Off_Peak_1,29.81,10:00,14:00,both,,,,,,,,,,,,,,,,,,,,,,,,,,,,,,,
STS_DMO_3,retail,,,TOU,Flat_Rate,ARAS,NSW,,Solar_TOU_Combined_Period_30%,118.9173,,30,,,,,,Peak,45.24666667,18:00,6:00,both,Shoulder1,29.81,6:00,10:00,both,Shoulder 2,29.81,14:00,18:00,both,Off_Peak_1,29.81,10:00,14:00,both,,,,,,,,,,,,,,,,,,,,,,,,,,,,,,,
STS_DMO_4,retail,,,TOU,Flat_Rate,ARAS,NSW,,Solar_TOU_Combined_Period_40%,118.9173,,40,,,,,,Peak,45.24666667,18:00,6:00,both,Shoulder1,29.81,6:00,10:00,both,Shoulder 2,29.81,14:00,18:00,both,Off_Peak_1,29.81,10:00,14:00,both,,,,,,,,,,,,,,,,,,,,,,,,,,,,,,,
STS_DMO_5,retail,,,TOU,Flat_Rate,ARAS,NSW,,Solar_TOU_Combined_Period_45%,118.9173,,50,,,,,,Peak,45.24666667,18:00,6:00,both,Shoulder1,29.81,6:00,10:00,both,Shoulder 2,29.81,14:00,18:00,both,Off_Peak_1,29.81,10:00,14:00,both,,,,,,,,,,,,,,,,,,,,,,,,,,,,,,,
EA225,network,com,,TOU,Flat_Rate,AusGrid,NSW,BOTH included,Small Business tOU,141.1158,,,,,,,,Peak,23.3135,14:00,20:00,day,Shoulder_1,9.2797,7:00,14:00,day,Shoulder_2,9.2797,20:00,22:00,day,Off_peak_3,3.222,22:00,7:00,day,Off_peak_2,3.222,0:00,23:59,end,,,,,,,,,,,,,,,,,,,,,0,,,,7.4468,6.3499
EA225_8g,combined,com,,TOU,Flat_Rate,AusGrid,NSW,BOTH included,Small Business tOU,141.1158,,,,,,,,Peak,32.1135,14:00,20:00,day,Shoulder_1,18.0797,7:00,14:00,day,Shoulder_2,18.0797,20:00,22:00,day,Off_peak_3,12.022,22:00,7:00,day,Off_peak_2,12.022,0:00,23:59,end,,,,,,,,,,,,,,,,,,,,,0,,,,7.4468,6.3499
EA225_8g_FIT5.5,combined,com,,TOU,Flat_Rate,AusGrid,NSW,BOTH included,Small Business tOU,141.1158,,,,,,,,Peak,32.1135,14:00,20:00,day,Shoulder_1,18.0797,7:00,14:00,day,Shoulder_2,18.0797,20:00,22:00,day,Off_peak_3,12.022,22:00,7:00,day,Off_peak_2,12.022,0:00,23:59,end,,,,,,,,,,,,,,,,,,,,,5.5,,,,7.4468,6.3499
EA225_8g_FIT7.5,combined,com,,TOU,Flat_Rate,AusGrid,NSW,BOTH included,Small Business tOU,141.1158,,,,,,,,Peak,32.1135,14:00,20:00,day,Shoulder_1,18.0797,7:00,14:00,day,Shoulder_2,18.0797,20:00,22:00,day,Off_peak_3,12.022,22:00,7:00,day,Off_peak_2,12.022,0:00,23:59,end,,,,,,,,,,,,,,,,,,,,,7.5,,,,7.4468,6.3499
EA225_10g,combined,com,,TOU,Flat_Rate,AusGrid,NSW,BOTH included,Small Business tOU,141.1158,,,,,,,,Peak,34.3135,14:00,20:00,day,Shoulder_1,20.2797,7:00,14:00,day,Shoulder_2,20.2797,20:00,22:00,day,Off_peak_3,14.222,22:00,7:00,day,Off_peak_2,14.222,0:00,23:59,end,,,,,,,,,,,,,,,,,,,,,0,,,,7.4468,6.3499
EA225_10g_FIT8,combined,com,,TOU,Flat_Rate,AusGrid,NSW,BOTH included,Small Business tOU,141.1158,,,,,,,,Peak,34.3135,14:00,20:00,day,Shoulder_1,20.2797,7:00,14:00,day,Shoulder_2,20.2797,20:00,22:00,day,Off_peak_3,14.222,22:00,7:00,day,Off_peak_2,14.222,0:00,23:59,end,,,,,,,,,,,,,,,,,,,,,8,,,,7.4468,6.3499
EA225_10g_FIT9,combined,com,,TOU,Flat_Rate,AusGrid,NSW,BOTH included,Small Business tOU,141.1158,,,,,,,,Peak,34.3135,14:00,20:00,day,Shoulder_1,20.2797,7:00,14:00,day,Shoulder_2,20.2797,20:00,22:00,day,Off_peak_3,14.222,22:00,7:00,day,Off_peak_2,14.222,0:00,23:59,end,,,,,,,,,,,,,,,,,,,,,9,,,,7.4468,6.3499
EA225_12g,combined,com,,TOU,Flat_Rate,AusGrid,NSW,BOTH included,Small Business tOU,141.1158,,,,,,,,Peak,36.5135,14:00,20:00,day,Shoulder_1,22.4797,7:00,14:00,day,Shoulder_2,22.4797,20:00,22:00,day,Off_peak_3,16.422,22:00,7:00,day,Off_peak_2,16.422,0:00,23:59,end,,,,,,,,,,,,,,,,,,,,,0,,,,7.4468,6.3499
EA225_12g_FIT9.7,combined,com,,TOU,Flat_Rate,AusGrid,NSW,BOTH included,Small Business tOU,141.1158,,,,,,,,Peak,36.5135,14:00,20:00,day,Shoulder_1,22.4797,7:00,14:00,day,Shoulder_2,22.4797,20:00,22:00,day,Off_peak_3,16.422,22:00,7:00,day,Off_peak_2,16.422,0:00,23:59,end,,,,,,,,,,,,,,,,,,,,,9.7,,,,7.4468,6.3499
EA225_12g_FIT11.5,combined,com,,TOU,Flat_Rate,AusGrid,NSW,BOTH included,Small Business tOU,141.1158,,,,,,,,Peak,36.5135,14:00,20:00,day,Shoulder_1,22.4797,7:00,14:00,day,Shoulder_2,22.4797,20:00,22:00,day,Off_peak_3,16.422,22:00,7:00,day,Off_peak_2,16.422,0:00,23:59,end,,,,,,,,,,,,,,,,,,,,,11.5,,,,7.4468,6.3499
EA225_20g,combined,com,,TOU,Flat_Rate,AusGrid,NSW,BOTH included,Small Business tOU,141.1158,,,,,,,,Peak,45.3135,14:00,20:00,day,Shoulder_1,31.2797,7:00,14:00,day,Shoulder_2,31.2797,20:00,22:00,day,Off_peak_3,25.222,22:00,7:00,day,Off_peak_2,25.222,0:00,23:59,end,,,,,,,,,,,,,,,,,,,,,0,,,,7.4468,6.3499
EA225_20g_FIT13,combined,com,,TOU,Flat_Rate,AusGrid,NSW,BOTH included,Small Business tOU,141.1158,,,,,,,,Peak,45.3135,14:00,20:00,day,Shoulder_1,31.3597,7:00,14:00,day,Shoulder_2,31.3597,20:00,22:00,day,Off_peak_3,25.222,22:00,7:00,day,Off_peak_2,25.222,0:00,23:59,end,,,,,,,,,,,,,,,,,,,,,13,,,,7.4468,6.3499
EA225_20g_FIT17,combined,com,,TOU,Flat_Rate,AusGrid,NSW,BOTH included,Small Business tOU,141.1158,,,,,,,,Peak,45.3135,14:00,20:00,day,Shoulder_1,31.2797,7:00,14:00,day,Shoulder_2,31.2797,20:00,22:00,day,Off_peak_3,25.222,22:00,7:00,day,Off_peak_2,25.222,0:00,23:59,end,,,,,,,,,,,,,,,,,,,,,17,,,,7.4468,6.3499
EA302,network,com,,TOU_Demand,Flat_Rate,AusGrid,NSW,BOTH included,LV 40-160MWh,703.2439,,,40,kW,14:00,20:00,day,Peak,6.4736,14:00,20:00,day,Shoulder_1,3.0115,7:00,14:00,day,Shoulder_2,3.0115,20:00,22:00,day,Off_peak_3,1.156,22:00,7:00,day,Off_peak_2,1.156,0:00,23:59,end,,,,,,,,,,,,,,,,,,,,,0,,,,13.2573,8.2696
EA302_8g,combined,com,,TOU_Demand,Flat_Rate,AusGrid,NSW,BOTH included,LV 40-160MWh,703.2439,,,40,kW,14:00,20:00,day,Peak,15.2736,14:00,20:00,day,Shoulder_1,11.8115,7:00,14:00,day,Shoulder_2,11.8115,20:00,22:00,day,Off_peak_3,9.956,22:00,7:00,day,Off_peak_2,9.956,0:00,23:59,end,,,,,,,,,,,,,,,,,,,,,0,,,,13.2573,8.2696
EA302_8g_FIT5.5,combined,com,,TOU_Demand,Flat_Rate,AusGrid,NSW,BOTH included,LV 40-160MWh,703.2439,,,40,kW,14:00,20:00,day,Peak,15.2736,14:00,20:00,day,Shoulder_1,11.8115,7:00,14:00,day,Shoulder_2,11.8115,20:00,22:00,day,Off_peak_3,9.956,22:00,7:00,day,Off_peak_2,9.956,0:00,23:59,end,,,,,,,,,,,,,,,,,,,,,6.5,,,,13.2573,8.2696
EA302_8g_FIT7.5,combined,com,,TOU_Demand,Flat_Rate,AusGrid,NSW,BOTH included,LV 40-160MWh,703.2439,,,40,kW,14:00,20:00,day,Peak,15.2736,14:00,20:00,day,Shoulder_1,11.8115,7:00,14:00,day,Shoulder_2,11.8115,20:00,22:00,day,Off_peak_3,9.956,22:00,7:00,day,Off_peak_2,9.956,0:00,23:59,end,,,,,,,,,,,,,,,,,,,,,7.5,,,,13.2573,8.2696
EA302_10g,combined,com,,TOU_Demand,Flat_Rate,AusGrid,NSW,BOTH included,LV 40-160MWh,703.2439,,,40,kW,14:00,20:00,day,Peak,17.4736,14:00,20:00,day,Shoulder_1,14.0115,7:00,14:00,day,Shoulder_2,14.0115,20:00,22:00,day,Off_peak_3,12.156,22:00,7:00,day,Off_peak_2,12.156,0:00,23:59,end,,,,,,,,,,,,,,,,,,,,,0,,,,13.2573,8.2696
EA302_10g_FIT8,combined,com,,TOU_Demand,Flat_Rate,AusGrid,NSW,BOTH included,LV 40-160MWh,703.2439,,,40,kW,14:00,20:00,day,Peak,17.4736,14:00,20:00,day,Shoulder_1,14.0115,7:00,14:00,day,Shoulder_2,14.0115,20:00,22:00,day,Off_peak_3,12.156,22:00,7:00,day,Off_peak_2,12.156,0:00,23:59,end,,,,,,,,,,,,,,,,,,,,,8,,,,13.2573,8.2696
EA302_10g_FIT9,combined,com,,TOU_Demand,Flat_Rate,AusGrid,NSW,BOTH included,LV 40-160MWh,703.2439,,,40,kW,14:00,20:00,day,Peak,17.4736,14:00,20:00,day,Shoulder_1,14.0115,7:00,14:00,day,Shoulder_2,14.0115,20:00,22:00,day,Off_peak_3,12.156,22:00,7:00,day,Off_peak_2,12.156,0:00,23:59,end,,,,,,,,,,,,,,,,,,,,,9,,,,13.2573,8.2696
EA302_12g,combined,com,,TOU_Demand,Flat_Rate,AusGrid,NSW,BOTH included,LV 40-160MWh,703.2439,,,40,kW,14:00,20:00,day,Peak,19.6736,14:00,20:00,day,Shoulder_1,16.2115,7:00,14:00,day,Shoulder_2,16.2115,20:00,22:00,day,Off_peak_3,14.356,22:00,7:00,day,Off_peak_2,14.356,0:00,23:59,end,,,,,,,,,,,,,,,,,,,,,0,,,,13.2573,8.2696
EA302_12g_FIT9.7,combined,com,,TOU_Demand,Flat_Rate,AusGrid,NSW,BOTH included,LV 40-160MWh,703.2439,,,40,kW,14:00,20:00,day,Peak,19.6736,14:00,20:00,day,Shoulder_1,16.2115,7:00,14:00,day,Shoulder_2,16.2115,20:00,22:00,day,Off_peak_3,14.356,22:00,7:00,day,Off_peak_2,14.356,0:00,23:59,end,,,,,,,,,,,,,,,,,,,,,9.7,,,,13.2573,8.2696
EA302_12g_FIT11.5,combined,com,,TOU_Demand,Flat_Rate,AusGrid,NSW,BOTH included,LV 40-160MWh,703.2439,,,40,kW,14:00,20:00,day,Peak,19.6736,14:00,20:00,day,Shoulder_1,16.2115,7:00,14:00,day,Shoulder_2,16.2115,20:00,22:00,day,Off_peak_3,14.356,22:00,7:00,day,Off_peak_2,14.356,0:00,23:59,end,,,,,,,,,,,,,,,,,,,,,11.5,,,,13.2573,8.2696
EA302_20g,combined,com,,TOU_Demand,Flat_Rate,AusGrid,NSW,BOTH included,LV 40-160MWh,703.2439,,,40,kW,14:00,20:00,day,Peak,28.4736,14:00,20:00,day,Shoulder_1,25.0115,7:00,14:00,day,Shoulder_2,25.0115,20:00,22:00,day,Off_peak_3,23.156,22:00,7:00,day,Off_peak_2,23.156,0:00,23:59,end,,,,,,,,,,,,,,,,,,,,,0,,,,13.2573,8.2696
EA302_20g_FIT13,combined,com,,TOU_Demand,Flat_Rate,AusGrid,NSW,BOTH included,LV 40-160MWh,703.2439,,,40,kW,14:00,20:00,day,Peak,28.4736,14:00,20:00,day,Shoulder_1,25.0115,7:00,14:00,day,Shoulder_2,25.0115,20:00,22:00,day,Off_peak_3,23.156,22:00,7:00,day,Off_peak_2,23.156,0:00,23:59,end,,,,,,,,,,,,,,,,,,,,,13,,,,13.2573,8.2696
EA302_20g_FIT17,combined,com,,TOU_Demand,Flat_Rate,AusGrid,NSW,BOTH included,LV 40-160MWh,703.2439,,,40,kW,14:00,20:00,day,Peak,28.4736,14:00,20:00,day,Shoulder_1,25.0115,7:00,14:00,day,Shoulder_2,25.0115,20:00,22:00,day,Off_peak_3,23.156,22:00,7:00,day,Off_peak_2,23.156,0:00,23:59,end,,,,,,,,,,,,,,,,,,,,,17,,,,13.2573,8.2696
EA305,network,com,,TOU_Demand,Flat_Rate,AusGrid,NSW,BOTH included,LV 160-750 MW h (System),2138.3581,,,40,kVA,14:00,20:00,day,Peak,5.8132,14:00,20:00,day,Shoulder_1,2.6617,7:00,14:00,day,Shoulder_2,2.6617,20:00,22:00,day,Off_peak_3,1.2152,22:00,7:00,day,Off_peak_2,1.2152,0:00,23:59,end,,,,,,,,,,,,,,,,,,,,,0,,,1.0479,0,0
EA305_8g,combined,com,,TOU_Demand,Flat_Rate,AusGrid,NSW,BOTH included,LV 160-750 MW h (System),2138.3581,,,40,kW,14:00,20:00,day,Peak,14.6132,14:00,20:00,day,Shoulder_1,11.4617,7:00,14:00,day,Shoulder_2,11.4617,20:00,22:00,day,Off_peak_3,10.0152,22:00,7:00,day,Off_peak_2,10.0152,0:00,23:59,end,,,,,,,,,,,,,,,,,,,,,0,,,1.0479,0,0
EA305_8g_FIT5.5,combined,com,,TOU_Demand,Flat_Rate,AusGrid,NSW,BOTH included,LV 160-750 MW h (System),2138.3581,,,40,kW,14:00,20:00,day,Peak,14.6132,14:00,20:00,day,Shoulder_1,11.4617,7:00,14:00,day,Shoulder_2,11.4617,20:00,22:00,day,Off_peak_3,10.0152,22:00,7:00,day,Off_peak_2,10.0152,0:00,23:59,end,,,,,,,,,,,,,,,,,,,,,6.5,,,1.0479,0,0
EA305_8g_FIT7.5,combined,com,,TOU_Demand,Flat_Rate,AusGrid,NSW,BOTH included,LV 160-750 MW h (System),2138.3581,,,40,kW,14:00,20:00,day,Peak,14.6132,14:00,20:00,day,Shoulder_1,11.4617,7:00,14:00,day,Shoulder_2,11.4617,20:00,22:00,day,Off_peak_3,10.0152,22:00,7:00,day,Off_peak_2,10.0152,0:00,23:59,end,,,,,,,,,,,,,,,,,,,,,7.5,,,1.0479,0,0
EA305_10g,combined,com,,TOU_Demand,Flat_Rate,AusGrid,NSW,BOTH included,LV 160-750 MW h (System),2138.3581,,,40,kW,14:00,20:00,day,Peak,16.8132,14:00,20:00,day,Shoulder_1,13.6617,7:00,14:00,day,Shoulder_2,13.6617,20:00,22:00,day,Off_peak_3,12.2152,22:00,7:00,day,Off_peak_2,12.2152,0:00,23:59,end,,,,,,,,,,,,,,,,,,,,,0,,,1.0479,0,0
EA305_10g_FIT8,combined,com,,TOU_Demand,Flat_Rate,AusGrid,NSW,BOTH included,LV 160-750 MW h (System),2138.3581,,,40,kW,14:00,20:00,day,Peak,16.8132,14:00,20:00,day,Shoulder_1,13.6617,7:00,14:00,day,Shoulder_2,13.6617,20:00,22:00,day,Off_peak_3,12.2152,22:00,7:00,day,Off_peak_2,12.2152,0:00,23:59,end,,,,,,,,,,,,,,,,,,,,,8,,,1.0479,0,0
EA305_10g_FIT9,combined,com,,TOU_Demand,Flat_Rate,AusGrid,NSW,BOTH included,LV 160-750 MW h (System),2138.3581,,,40,kW,14:00,20:00,day,Peak,16.8132,14:00,20:00,day,Shoulder_1,13.6617,7:00,14:00,day,Shoulder_2,13.6617,20:00,22:00,day,Off_peak_3,12.2152,22:00,7:00,day,Off_peak_2,12.2152,0:00,23:59,end,,,,,,,,,,,,,,,,,,,,,9,,,1.0479,0,0
EA305_12g,combined,com,,TOU_Demand,Flat_Rate,AusGrid,NSW,BOTH included,LV 160-750 MW h (System),2138.3581,,,40,kW,14:00,20:00,day,Peak,19.0132,14:00,20:00,day,Shoulder_1,15.8617,7:00,14:00,day,Shoulder_2,15.8617,20:00,22:00,day,Off_peak_3,14.4152,22:00,7:00,day,Off_peak_2,14.4152,0:00,23:59,end,,,,,,,,,,,,,,,,,,,,,0,,,1.0479,0,0
EA305_12g_FIT9.7,combined,com,,TOU_Demand,Flat_Rate,AusGrid,NSW,BOTH included,LV 160-750 MW h (System),2138.3581,,,40,kW,14:00,20:00,day,Peak,19.0132,14:00,20:00,day,Shoulder_1,15.8617,7:00,14:00,day,Shoulder_2,15.8617,20:00,22:00,day,Off_peak_3,14.4152,22:00,7:00,day,Off_peak_2,14.4152,0:00,23:59,end,,,,,,,,,,,,,,,,,,,,,9.7,,,1.0479,0,0
EA305_12g_FIT11.5,combined,com,,TOU_Demand,Flat_Rate,AusGrid,NSW,BOTH included,LV 160-750 MW h (System),2138.3581,,,40,kW,14:00,20:00,day,Peak,19.0132,14:00,20:00,day,Shoulder_1,15.8617,7:00,14:00,day,Shoulder_2,15.8617,20:00,22:00,day,Off_peak_3,14.4152,22:00,7:00,day,Off_peak_2,14.4152,0:00,23:59,end,,,,,,,,,,,,,,,,,,,,,11.5,,,1.0479,0,0
EA305_20g,combined,com,,TOU_Demand,Flat_Rate,AusGrid,NSW,BOTH included,LV 160-750 MW h (System),2138.3581,,,40,kW,14:00,20:00,day,Peak,27.8132,14:00,20:00,day,Shoulder_1,24.6617,7:00,14:00,day,Shoulder_2,24.6617,20:00,22:00,day,Off_peak_3,23.2152,22:00,7:00,day,Off_peak_2,23.2152,0:00,23:59,end,,,,,,,,,,,,,,,,,,,,,0,,,1.0479,0,0
EA305_20g_FIT13,combined,com,,TOU_Demand,Flat_Rate,AusGrid,NSW,BOTH included,LV 160-750 MW h (System),2138.3581,,,40,kW,14:00,20:00,day,Peak,27.8135,14:00,20:00,day,Shoulder_1,24.6617,7:00,14:00,day,Shoulder_2,24.6617,20:00,22:00,day,Off_peak_3,23.2152,22:00,7:00,day,Off_peak_2,23.2152,0:00,23:59,end,,,,,,,,,,,,,,,,,,,,,13,,,1.0479,0,0
EA305_20g_FIT17,combined,com,,TOU_Demand,Flat_Rate,AusGrid,NSW,BOTH included,LV 160-750 MW h (System),2138.3581,,,40,kW,14:00,20:00,day,Peak,27.8132,14:00,20:00,day,Shoulder_1,24.6617,7:00,14:00,day,Shoulder_2,24.6617,20:00,22:00,day,Off_peak_3,23.2152,22:00,7:00,day,Off_peak_2,23.2152,0:00,23:59,end,,,,,,,,,,,,,,,,,,,,,17,,,1.0479,0,0
DMO_BAU,retail,res,,Flat,Flat_Rate,ARAS,NSW,ROLR - Default Market Offer,Basic Home - Peak Only,85,30,15,,,,,,,,,,,,,,,,,,,,,,,,,,,,,,,,,,,,,,,,,,,,,,,,,,,,,,,,
DMO_TOU,retail,res,,TOU,Zero_Rate,ARAS,NSW,ROLR - Default Market Offer,Basic Home - 5 day TOU,105.36,0,15,,,,,,Peak,38.97,14:00,20:00,day,Shoulder_1,26.105,7:00,14:00,day,Shoulder_2,26.105,20:00,22:00,day,Shoulder_3,26.105,7:00,22:00,end,Off_Peak_1,20.1875,22:00,7:00,both,,,,,,,,,,,,,,,,,,,,,,,,,,
DMO_TOU_FIT8,retail,res,,TOU,Zero_Rate,ARAS,NSW,ROLR - Default Market Offer,Basic Home - 5 day TOU,105.36,0,15,,,,,,Peak,38.97,14:00,20:00,day,Shoulder_1,26.105,7:00,14:00,day,Shoulder_2,26.105,20:00,22:00,day,Shoulder_3,26.105,7:00,22:00,end,Off_Peak_1,20.1875,22:00,7:00,both,,,,,,,,,,,,,,,,,,,,,8,,,,,
DMO_TOU_FIT9,retail,res,,TOU,Zero_Rate,ARAS,NSW,ROLR - Default Market Offer,Basic Home - 5 day TOU,105.36,0,15,,,,,,Peak,38.97,14:00,20:00,day,Shoulder_1,26.105,7:00,14:00,day,Shoulder_2,26.105,20:00,22:00,day,Shoulder_3,26.105,7:00,22:00,end,Off_Peak_1,20.1875,22:00,7:00,both,,,,,,,,,,,,,,,,,,,,,9,,,,,
DMO_TOU_FIT10,retail,res,,TOU,Zero_Rate,ARAS,NSW,ROLR - Default Market Offer,Basic Home - 5 day TOU,105.36,0,15,,,,,,Peak,38.97,14:00,20:00,day,Shoulder_1,26.105,7:00,14:00,day,Shoulder_2,26.105,20:00,22:00,day,Shoulder_3,26.105,7:00,22:00,end,Off_Peak_1,20.1875,22:00,7:00,both,,,,,,,,,,,,,,,,,,,,,10,,,,,
DMO_TOU_FIT12,retail,res,,TOU,Zero_Rate,ARAS,NSW,ROLR - Default Market Offer,Basic Home - 5 day TOU,105.36,0,15,,,,,,Peak,38.97,14:00,20:00,day,Shoulder_1,26.105,7:00,14:00,day,Shoulder_2,26.105,20:00,22:00,day,Shoulder_3,26.105,7:00,22:00,end,Off_Peak_1,20.1875,22:00,7:00,both,,,,,,,,,,,,,,,,,,,,,12,,,,,
DMO_TOU_FIT15,retail,res,,TOU,Zero_Rate,ARAS,NSW,ROLR - Default Market Offer,Basic Home - 5 day TOU,105.36,0,15,,,,,,Peak,38.97,14:00,20:00,day,Shoulder_1,26.105,7:00,14:00,day,Shoulder_2,26.105,20:00,22:00,day,Shoulder_3,26.105,7:00,22:00,end,Off_Peak_1,20.1875,22:00,7:00,both,,,,,,,,,,,,,,,,,,,,,15,,,,,
DMO_EN_FLAT,retail,res,,Flat,Flat_Rate,ARAS,NSW,ROLR - Default Market Offer,Basic Home - Peak Only,85,30,25,,,,,,,,,,,,,,,,,,,,,,,,,,,,,,,,,,,,,,,,,,,,,,,,,,,,,,,,
DMO_EN_TOU,retail,res,,TOU,Zero_Rate,ARAS,NSW,ROLR - Default Market Offer,Basic Home - 5 day TOU,105.36,0,25,,,,,,Peak,38.97,14:00,20:00,day,Shoulder_1,26.105,7:00,14:00,day,Shoulder_2,26.105,20:00,22:00,day,Shoulder_3,26.105,7:00,22:00,end,Off_Peak_1,20.1875,22:00,7:00,both,,,,,,,,,,,,,,,,,,,,,,,,,,
DMO_EN_STC,retail,,,TOU,Flat_Rate,ARAS,NSW,,Solar_TOU_Combined_Period_10%,105.36,0,25,,,,,,Peak,38.97,14:00,20:00,day,Shoulder1,26.105,7:00,10:00,both,Shoulder2,26.105,14:00,22:00,end,Off_Peak_1,20.1875,22:00,7:00,both,Off_peak_2,20.1875,10:00,14:00,both,Shoulder_5,26.105,20:00,22:00,day,,,,,,,,,,,,,,,,,,,,,
PARENT_305_BASE,network,com,,TOU_Demand,Flat_Rate,AusGrid,NSW,BOTH included,LV 160-750 MW h (System),1817.6044,,,36.0921,kVA,14:00,20:00,day,Peak,18.8145,14:00,20:00,day,Shoulder_1,13.5022,7:00,14:00,day,Shoulder_2,13.5022,20:00,22:00,day,Off_peak_3,11.2299,22:00,7:00,day,Off_peak_2,11.2299,0:00,23:59,end,,,,,,,,,,,,,,,,,,,,,0,,,1.0479,0,0
PARENT_305_FIT8,network,com,,TOU_Demand,Flat_Rate,AusGrid,NSW,BOTH included,LV 160-750 MW h (System),1817.6044,,,36.0921,kVA,14:00,20:00,day,Peak,18.8145,14:00,20:00,day,Shoulder_1,13.5022,7:00,14:00,day,Shoulder_2,13.5022,20:00,22:00,day,Off_peak_3,11.2299,22:00,7:00,day,Off_peak_2,11.2299,0:00,23:59,end,,,,,,,,,,,,,,,,,,,,,8,,,1.0479,0,0
PARENT_305_FIT10,network,com,,TOU_Demand,Flat_Rate,AusGrid,NSW,BOTH included,LV 160-750 MW h (System),1817.6044,,,36.0921,kVA,14:00,20:00,day,Peak,18.8145,14:00,20:00,day,Shoulder_1,13.5022,7:00,14:00,day,Shoulder_2,13.5022,20:00,22:00,day,Off_peak_3,11.2299,22:00,7:00,day,Off_peak_2,11.2299,0:00,23:59,end,,,,,,,,,,,,,,,,,,,,,10,,,1.0479,0,0
